名前,読み
関口将太,せきぐち しょうた
小畑慎吾,おばた しんご
吾子飛男,あこ とびお
鳳征五郎,おおとり せいごろう
藤田政二,ふじた せいじ
岡村秀政,おかむら ひでまさ
佐治安人,さじ あんと
富山雅子,とみやま まさこ
清川流也,きよかわ りゅうや
下山鉄雄,しもやま てつお
紺屋碧悟,こうや へきご
奥万倉新一,おくまぐら しんいち
木下藤吉,きのした とうきち
清水哲也,しみず てつや
武藤剛,むとう つよし
大年寺三郎太,だいねんじ さぶろうた
高山信一郎,たかやま しんいちろう
坂田利人,さかた としひと
高田早苗,たかだ さなえ
切島傀,きりしま かい
叶崎精二郎,かのうざき せいじろう
武市半平,たけち はんぺい
加藤以蔵,かとう いぞう
月岡アキラ,つきおか あきら
笹木剛志,ささき たけし
渡辺久美子,わたなべ くみこ
関口源治,せきぐち げんじ
関口美春,せきぐち みはる
関口春子,せきぐち はるこ
鶴丸芳喜,つるまる よしき
宇崎辰巳,うざき たつみ
前田貴志,まえだ たかし
北川潤一,きたがわ じゅんいち
米村昌幸,よねむら まさゆき
伏見直子,ふしみ なおこ
丸川源介,まるかわ げんすけ
丸川春樹,まるかわ はるき
岡田克郎,おかだ かつろう
加納弥平,かのう やへい
田辺容堂,たなべ ようどう
有津柿太郎,ありつ かきたろう
溝口安二郎,みぞぐち やすじろう
武藤鶴栄,むとう つるえ
岩崎民次,いわさき たみじ
佐治将太,さじ しょうた
関口将太朗,せきぐち しょうたろう
ダビッド・デュカス,だびっど　でゅかす
千成駒子,せんなり こまこ
サハル,さはる
アラン,あらん
岩田真治,いわた しんじ
小林啓吾,こばやし　けいご
清水健一郎,しみず　けんいちろう
紺屋翠,こうや　あきら
奥万倉大斗,おくまぐら　ひろと
木下秀吉,きのした　ひできち
西堀順一,にしぼり　じゅんいち
斎藤奈々未,さいとう　ななみ
阿部茜,あべ　あかね
エマ,えま
小谷清志郎,こたに　せいしろう
ナオミ,なおみ
マリー,まりー
風間アキラ,かざま　あきら
アンヌ,あんぬ
ペイユ,ぺいゆ
ルイ,るい
ソフィー,そふぃー
ピエール,ぴえーる
セイボン・トレービア,せいぼん とれーびあ
ダニー・K,だにー　けー
